                  epoch,         train/box_loss,         train/cls_loss,         train/dfl_loss,   metrics/precision(B),      metrics/recall(B),       metrics/mAP50(B),    metrics/mAP50-95(B),           val/box_loss,           val/cls_loss,           val/dfl_loss,                 lr/pg0,                 lr/pg1,                 lr/pg2
                      1,                0.26256,                 1.5351,                 1.0105,                0.89418,                 0.8444,                0.91485,                0.86958,                0.37559,                 1.5437,                0.76625,             0.00054854,             0.00054854,             0.00054854
                      2,                0.19765,                0.90995,                  0.942,                 0.7793,                 0.7699,                0.85715,                0.68512,                0.59877,                 1.5769,                 1.0945,              0.0010823,              0.0010823,              0.0010823
